<graph divlinecolor='FEDD69' numdivlines='4' showAreaBorder='1' areaBorderColor='cccccc' numberPrefix='' showNames='1' numVDivLines='29' vDivLineAlpha='30' formatNumberScale='0' rotateNames='1'  decimalPrecision='0' bgColor='' yAxisName=''  showAlternateVGridColor='0' canvasBorderThickness='0' decimalPrecision='0' areaBorderColor='cccccc'>
>
<categories fontSize='9'>
<category name='06/24'/>
<category name='06/25'/>
<category name='06/26'/>
<category name='06/27'/>
<category name='06/28'/>
<category name='06/29'/>
<category name='06/30'/>
<category name='07/01'/>
<category name='07/02'/>
<category name='07/03'/>
<category name='07/04'/>
<category name='07/05'/>
<category name='07/06'/>
<category name='07/07'/>
<category name='07/08'/>
<category name='07/09'/>
<category name='07/10'/>
<category name='07/11'/>
<category name='07/12'/>
<category name='07/13'/>
<category name='07/14'/>
<category name='07/15'/>
<category name='07/16'/>
<category name='07/17'/>
<category name='07/18'/>
<category name='07/19'/>
<category name='07/20'/>
<category name='07/21'/>
<category name='07/22'/>
<category name='07/23'/>
</categories>
<dataset  color='00CC00' showValues='0' areaAlpha='30' showAreaBorder='1' areaBorderThickness='1' areaBorderColor='006600'>
<set value='0' />
<set value='0' />
<set value='0' />
<set value='0' />
<set value='0' />
<set value='0' />
<set value='0' />
<set value='0' />
<set value='0' />
<set value='0' />
<set value='0' />
<set value='0' />
<set value='0' />
<set value='0' />
<set value='0' />
<set value='0' />
<set value='0' />
<set value='2' />
<set value='1' />
<set value='0' />
<set value='0' />
<set value='0' />
<set value='0' />
<set value='0' />
<set value='0' />
<set value='0' />
<set value='0' />
<set value='0' />
<set value='0' />
<set value='0' />
</dataset>
</graph>
